2018,Nannie,Kellby,Nannie.Kellby@essca.eu,Shanghai,C
2019,Catharine,Flyn,Catharine.Flyn@essca.eu,Bordeaux,C++
2019,Devina,Sothena,Devina.Sothena@essca.eu,Shanghai,Python
2020,Sandie,Rese,Sandie.Rese@essca.eu,Bordeaux,Java
2019,Ricky,Gaulin,Ricky.Gaulin@essca.eu,Bordeaux,Java
2018,Marsiella,Philoo,Marsiella.Philoo@essca.eu,Bordeaux,Shell
2019,Wendi,Ledah,Wendi.Ledah@essca.eu,Bordeaux,JavaScript
2018,Gabi,Modie,Gabi.Modie@essca.eu,Bordeaux,C
2016,Aigneis,Alisia,Aigneis.Alisia@essca.eu,Shanghai,C
2018,Rosaline,Justinn,Rosaline.Justinn@essca.eu,Bordeaux,Java
2018,Etta,Stilwell,Etta.Stilwell@essca.eu,Bordeaux,PHP
2016,Jacquetta,Greyson,Jacquetta.Greyson@essca.eu,Shanghai,JavaScript
2019,Jany,Maribeth,Jany.Maribeth@essca.eu,Shanghai,Python
2016,Max,Haerr,Max.Haerr@essca.eu,Shanghai,PHP
2017,Iseabal,Zola,Iseabal.Zola@essca.eu,Shanghai,JavaScript
2019,Molli,Maribeth,Molli.Maribeth@essca.eu,Shanghai,Java
2017,Jenda,Romelda,Jenda.Romelda@essca.eu,Bordeaux,PHP
2022,Danika,Carbo,Danika.Carbo@essca.eu,Bordeaux,C++
2017,Imojean,Redmond,Imojean.Redmond@essca.eu,Shanghai,Java
2018,Pollyanna,Christine,Pollyanna.Christine@essca.eu,Shanghai,C++
2020,Kelly,Eben,Kelly.Eben@essca.eu,Shanghai,Shell
2018,Antonietta,Susannah,Antonietta.Susannah@essca.eu,Shanghai,Java
2018,Cindelyn,Fosque,Cindelyn.Fosque@essca.eu,Shanghai,Shell
2019,Sheree,Maurine,Sheree.Maurine@essca.eu,Bordeaux,C
2022,Almeta,Cosenza,Almeta.Cosenza@essca.eu,Bordeaux,C++
2016,Blondelle,Hathaway,Blondelle.Hathaway@essca.eu,Shanghai,C++
2021,Dotty,Ariella,Dotty.Ariella@essca.eu,Bordeaux,Python
2019,Zsa Zsa,Tillford,Zsa Zsa.Tillford@essca.eu,Shanghai,C++
2022,Dennie,Wandie,Dennie.Wandie@essca.eu,Bordeaux,JavaScript
2017,Mureil,Joachim,Mureil.Joachim@essca.eu,Bordeaux,C
2017,Kary,Wooster,Kary.Wooster@essca.eu,Shanghai,Shell
2017,Dode,Swanhildas,Dode.Swanhildas@essca.eu,Shanghai,Shell
2018,Beth,Pettiford,Beth.Pettiford@essca.eu,Shanghai,C
2017,Shell,Swanhildas,Shell.Swanhildas@essca.eu,Shanghai,C
2017,Dorice,Kelula,Dorice.Kelula@essca.eu,Bordeaux,Shell
2022,Kelly,Sigfrid,Kelly.Sigfrid@essca.eu,Shanghai,C
2016,Margette,Allare,Margette.Allare@essca.eu,Shanghai,JavaScript
2020,Therine,Ioab,Therine.Ioab@essca.eu,Bordeaux,C++
2016,Alyssa,Schonfeld,Alyssa.Schonfeld@essca.eu,Bordeaux,Python
2022,Cristine,Dudley,Cristine.Dudley@essca.eu,Bordeaux,Python
2016,Ayn,Erb,Ayn.Erb@essca.eu,Shanghai,JavaScript
2021,Mathilda,Stefa,Mathilda.Stefa@essca.eu,Shanghai,Java
2019,Blake,Tristram,Blake.Tristram@essca.eu,Shanghai,Shell
2017,Mireielle,Olympium,Mireielle.Olympium@essca.eu,Bordeaux,PHP
2019,Lucy,Katrine,Lucy.Katrine@essca.eu,Shanghai,C
2016,Marguerite,Susannah,Marguerite.Susannah@essca.eu,Bordeaux,Java
2020,Kalina,Suanne,Kalina.Suanne@essca.eu,Bordeaux,PHP
2016,Delilah,Pillsbury,Delilah.Pillsbury@essca.eu,Shanghai,Python
2017,Corina,Gordon,Corina.Gordon@essca.eu,Bordeaux,Python
2019,Hildegaard,Lacombe,Hildegaard.Lacombe@essca.eu,Shanghai,JavaScript
2018,Natka,Ledah,Natka.Ledah@essca.eu,Shanghai,Python
2022,Carol-Jean,Gavrila,Carol-Jean.Gavrila@essca.eu,Shanghai,JavaScript
2018,Robinia,Giule,Robinia.Giule@essca.eu,Bordeaux,Shell
2021,Meg,Dunkin,Meg.Dunkin@essca.eu,Bordeaux,C++
2021,Linet,Rosemary,Linet.Rosemary@essca.eu,Shanghai,Java
2017,Sarette,Anyah,Sarette.Anyah@essca.eu,Bordeaux,C
2020,Dorene,Carleen,Dorene.Carleen@essca.eu,Shanghai,Java
2017,Camile,Carmena,Camile.Carmena@essca.eu,Shanghai,PHP
2021,Daphne,Devlen,Daphne.Devlen@essca.eu,Bordeaux,JavaScript
2020,Juliane,Ethban,Juliane.Ethban@essca.eu,Bordeaux,Java
2022,Joy,Ahab,Joy.Ahab@essca.eu,Bordeaux,JavaScript
2017,Daryl,Milde,Daryl.Milde@essca.eu,Bordeaux,C++
2017,Brana,Tamsky,Brana.Tamsky@essca.eu,Shanghai,Java
2018,Oralee,Ioab,Oralee.Ioab@essca.eu,Shanghai,Java
2022,Cristine,Guthrie,Cristine.Guthrie@essca.eu,Shanghai,Java
2020,Tatiania,Nahum,Tatiania.Nahum@essca.eu,Shanghai,Python
2018,Norine,Reinke,Norine.Reinke@essca.eu,Shanghai,C
2022,Babita,Frendel,Babita.Frendel@essca.eu,Bordeaux,Java
2022,Fanchon,Thunell,Fanchon.Thunell@essca.eu,Bordeaux,C++
2017,Marinna,Ralfston,Marinna.Ralfston@essca.eu,Shanghai,PHP
2018,Sam,Montgomery,Sam.Montgomery@essca.eu,Shanghai,C
2017,Vita,Ellerey,Vita.Ellerey@essca.eu,Bordeaux,C
2019,Caryl,Letsou,Caryl.Letsou@essca.eu,Bordeaux,Shell
2020,Ofilia,Liva,Ofilia.Liva@essca.eu,Shanghai,Python
2018,Cam,Iaverne,Cam.Iaverne@essca.eu,Shanghai,C++
2018,Belinda,Tryck,Belinda.Tryck@essca.eu,Bordeaux,Shell
2021,Sue,Iaverne,Sue.Iaverne@essca.eu,Shanghai,JavaScript
2016,Frances,Johnsson,Frances.Johnsson@essca.eu,Shanghai,C++
2019,Daune,Tremayne,Daune.Tremayne@essca.eu,Shanghai,Java
2018,Katharina,Barrus,Katharina.Barrus@essca.eu,Shanghai,C++
2020,Carolina,Firmin,Carolina.Firmin@essca.eu,Shanghai,C
2021,Ayn,Sasnett,Ayn.Sasnett@essca.eu,Bordeaux,PHP
2018,Evita,Edison,Evita.Edison@essca.eu,Shanghai,Shell
2018,Roslyn,Chesna,Roslyn.Chesna@essca.eu,Shanghai,Shell
2019,Kaja,Isacco,Kaja.Isacco@essca.eu,Bordeaux,Shell
2017,Renae,Bendick,Renae.Bendick@essca.eu,Bordeaux,Shell
2022,Hettie,Stelle,Hettie.Stelle@essca.eu,Shanghai,C
2017,Marjie,Zuzana,Marjie.Zuzana@essca.eu,Shanghai,Python
2017,Evita,Hunfredo,Evita.Hunfredo@essca.eu,Bordeaux,PHP
2019,Di,Karl,Di.Karl@essca.eu,Shanghai,Java
2022,Dulce,O'Rourke,Dulce.O'Rourke@essca.eu,Bordeaux,C
2022,Meg,Jeanne,Meg.Jeanne@essca.eu,Bordeaux,Python
2016,Ira,Horan,Ira.Horan@essca.eu,Bordeaux,Java
2016,Christal,Abernon,Christal.Abernon@essca.eu,Bordeaux,PHP
2018,Rhoda,Pitt,Rhoda.Pitt@essca.eu,Bordeaux,Python
2016,Kate,Melan,Kate.Melan@essca.eu,Bordeaux,Shell
2020,Frances,Nunci,Frances.Nunci@essca.eu,Shanghai,Shell
2018,Kenna,Maryanne,Kenna.Maryanne@essca.eu,Bordeaux,C++
2018,Sam,Amethist,Sam.Amethist@essca.eu,Shanghai,Python
2021,Lorie,Lewes,Lorie.Lewes@essca.eu,Bordeaux,JavaScript
2019,Livvyy,Flyn,Livvyy.Flyn@essca.eu,Bordeaux,Shell
2018,Perry,Rosemary,Perry.Rosemary@essca.eu,Shanghai,JavaScript
2018,Deedee,Melan,Deedee.Melan@essca.eu,Shanghai,JavaScript
2021,Charissa,Amethist,Charissa.Amethist@essca.eu,Bordeaux,PHP
2022,Katuscha,Pozzy,Katuscha.Pozzy@essca.eu,Shanghai,Python
2017,Shel,Sidonius,Shel.Sidonius@essca.eu,Shanghai,Shell
2022,Aurelie,Gaulin,Aurelie.Gaulin@essca.eu,Bordeaux,Shell
2022,Brietta,Gaynor,Brietta.Gaynor@essca.eu,Bordeaux,C++
2016,Katharina,Kermit,Katharina.Kermit@essca.eu,Bordeaux,Java
2022,Isa,Girardo,Isa.Girardo@essca.eu,Bordeaux,Shell
2017,Helsa,Wareing,Helsa.Wareing@essca.eu,Bordeaux,PHP
2020,Rhea,Infield,Rhea.Infield@essca.eu,Bordeaux,JavaScript
2019,Donnie,Radu,Donnie.Radu@essca.eu,Bordeaux,Shell
2017,Letizia,Elvyn,Letizia.Elvyn@essca.eu,Shanghai,Shell
2016,Marika,Aldric,Marika.Aldric@essca.eu,Bordeaux,PHP
2017,Felice,Pernick,Felice.Pernick@essca.eu,Bordeaux,C
2018,Penelopa,Prouty,Penelopa.Prouty@essca.eu,Shanghai,C
2017,Sara-Ann,Ivens,Sara-Ann.Ivens@essca.eu,Bordeaux,Java
2021,Carolina,Turne,Carolina.Turne@essca.eu,Bordeaux,Python
2017,Fred,Pacorro,Fred.Pacorro@essca.eu,Shanghai,JavaScript
2016,Brana,Travax,Brana.Travax@essca.eu,Bordeaux,C
2022,Lanae,Atcliffe,Lanae.Atcliffe@essca.eu,Bordeaux,PHP
2022,Collen,Matthew,Collen.Matthew@essca.eu,Shanghai,JavaScript
2020,Leona,Cimbura,Leona.Cimbura@essca.eu,Bordeaux,Java
2021,Gabi,Barrus,Gabi.Barrus@essca.eu,Shanghai,JavaScript
2021,Melisent,Rillings,Melisent.Rillings@essca.eu,Bordeaux,Java
2018,Tilly,Tjon,Tilly.Tjon@essca.eu,Shanghai,C
2020,Iseabal,Shields,Iseabal.Shields@essca.eu,Shanghai,C++
2021,Abbie,Sekofski,Abbie.Sekofski@essca.eu,Bordeaux,Python
2018,June,Joeann,June.Joeann@essca.eu,Bordeaux,JavaScript
2021,Beverley,Tillford,Beverley.Tillford@essca.eu,Bordeaux,Python
2019,Judy,Kinnard,Judy.Kinnard@essca.eu,Bordeaux,Python
2018,Mathilda,Alice,Mathilda.Alice@essca.eu,Shanghai,Java
2019,Corene,Ivens,Corene.Ivens@essca.eu,Bordeaux,JavaScript
2018,Patricia,Fleeta,Patricia.Fleeta@essca.eu,Shanghai,Python
2022,Tonia,Lumbard,Tonia.Lumbard@essca.eu,Shanghai,C
2018,Glenda,Simmonds,Glenda.Simmonds@essca.eu,Bordeaux,C++
2018,Dulcinea,Rooney,Dulcinea.Rooney@essca.eu,Shanghai,Shell
2021,Corene,Bury,Corene.Bury@essca.eu,Shanghai,PHP
2021,Sherrie,Howlyn,Sherrie.Howlyn@essca.eu,Bordeaux,Python
2022,Gratia,Harday,Gratia.Harday@essca.eu,Bordeaux,JavaScript
2018,Wendi,Kendrick,Wendi.Kendrick@essca.eu,Shanghai,Shell
2016,Lusa,Fink,Lusa.Fink@essca.eu,Bordeaux,Shell
2020,Pierette,Alfons,Pierette.Alfons@essca.eu,Bordeaux,PHP
2019,Fayre,Fabiola,Fayre.Fabiola@essca.eu,Shanghai,Shell
2017,Vinita,Haerr,Vinita.Haerr@essca.eu,Shanghai,PHP
2021,Ruthe,Hepsibah,Ruthe.Hepsibah@essca.eu,Bordeaux,JavaScript
2018,Helsa,Geffner,Helsa.Geffner@essca.eu,Bordeaux,JavaScript
2016,Shandie,Margret,Shandie.Margret@essca.eu,Shanghai,Python
2022,Nerta,Chinua,Nerta.Chinua@essca.eu,Bordeaux,C
2016,Kamilah,Merna,Kamilah.Merna@essca.eu,Bordeaux,C
2019,Concettina,Corilla,Concettina.Corilla@essca.eu,Bordeaux,C++
2016,Yolane,Elephus,Yolane.Elephus@essca.eu,Shanghai,JavaScript
2022,Lusa,Cecile,Lusa.Cecile@essca.eu,Bordeaux,Java
2017,Jaclyn,Amethist,Jaclyn.Amethist@essca.eu,Shanghai,Python
2022,Ketti,Regan,Ketti.Regan@essca.eu,Shanghai,Shell
2019,Dacia,Rosalba,Dacia.Rosalba@essca.eu,Shanghai,Python
2021,Latisha,Klemperer,Latisha.Klemperer@essca.eu,Shanghai,Python
2018,Regina,Weinreb,Regina.Weinreb@essca.eu,Shanghai,Java
2019,Evita,Strephon,Evita.Strephon@essca.eu,Shanghai,PHP
2020,Bibby,Argus,Bibby.Argus@essca.eu,Shanghai,Java
2019,Raina,Jorgan,Raina.Jorgan@essca.eu,Bordeaux,C++
2017,Miquela,Means,Miquela.Means@essca.eu,Shanghai,C
2018,Candy,Shanley,Candy.Shanley@essca.eu,Shanghai,Java
2020,Renie,Serilda,Renie.Serilda@essca.eu,Bordeaux,C
2022,Viviene,Voletta,Viviene.Voletta@essca.eu,Shanghai,Python
2021,Calla,Ummersen,Calla.Ummersen@essca.eu,Shanghai,PHP
2022,Lynde,Nadia,Lynde.Nadia@essca.eu,Bordeaux,JavaScript
2016,Sharlene,Dyche,Sharlene.Dyche@essca.eu,Shanghai,Shell
2017,Lynde,Waite,Lynde.Waite@essca.eu,Bordeaux,PHP
2016,Karina,Bandeen,Karina.Bandeen@essca.eu,Bordeaux,Python
2018,Renae,Zina,Renae.Zina@essca.eu,Bordeaux,C++
2022,Mallory,Alcott,Mallory.Alcott@essca.eu,Bordeaux,JavaScript
2017,Cherrita,Huggins,Cherrita.Huggins@essca.eu,Bordeaux,PHP
2016,Rivalee,Candy,Rivalee.Candy@essca.eu,Shanghai,Python
2016,Georgetta,Kirbee,Georgetta.Kirbee@essca.eu,Bordeaux,Java
2016,Hyacinthe,Sacken,Hyacinthe.Sacken@essca.eu,Bordeaux,Shell
2019,Wendi,Ferino,Wendi.Ferino@essca.eu,Shanghai,C++
2020,Harmonia,Ledah,Harmonia.Ledah@essca.eu,Bordeaux,Shell
2022,Millie,Loring,Millie.Loring@essca.eu,Shanghai,Java
2016,Marti,Imelida,Marti.Imelida@essca.eu,Bordeaux,C
2020,Aryn,Paine,Aryn.Paine@essca.eu,Bordeaux,JavaScript
2022,Harrietta,Papageno,Harrietta.Papageno@essca.eu,Bordeaux,Python
2019,Laurene,Kirstin,Laurene.Kirstin@essca.eu,Shanghai,Shell
2017,Bertine,Pozzy,Bertine.Pozzy@essca.eu,Shanghai,Shell
2021,Netty,Kendrick,Netty.Kendrick@essca.eu,Shanghai,PHP
2021,Ann-Marie,Brady,Ann-Marie.Brady@essca.eu,Shanghai,Java
2017,Damaris,Madelene,Damaris.Madelene@essca.eu,Bordeaux,Java
2017,Annaliese,Yusuk,Annaliese.Yusuk@essca.eu,Bordeaux,Shell
2017,Rosene,Gino,Rosene.Gino@essca.eu,Bordeaux,C++
2022,Dacia,Ashok,Dacia.Ashok@essca.eu,Bordeaux,Shell
2019,Ardenia,Colbert,Ardenia.Colbert@essca.eu,Bordeaux,Shell
2016,Dione,Dunkin,Dione.Dunkin@essca.eu,Bordeaux,Java
2019,Drucie,Chick,Drucie.Chick@essca.eu,Shanghai,Java
2020,Tami,Jethro,Tami.Jethro@essca.eu,Bordeaux,C
2021,Kimmy,Flita,Kimmy.Flita@essca.eu,Bordeaux,Shell
2019,Catharine,Publia,Catharine.Publia@essca.eu,Bordeaux,PHP
2020,Asia,Glovsky,Asia.Glovsky@essca.eu,Bordeaux,PHP
2017,Dennie,Sallyann,Dennie.Sallyann@essca.eu,Shanghai,PHP
2021,Cindelyn,Anis,Cindelyn.Anis@essca.eu,Bordeaux,JavaScript
2020,Lynde,Kunin,Lynde.Kunin@essca.eu,Shanghai,Python
2021,Joeann,Schenck,Joeann.Schenck@essca.eu,Shanghai,C
2021,Edee,Wiener,Edee.Wiener@essca.eu,Shanghai,Java
2017,Randa,Lunsford,Randa.Lunsford@essca.eu,Bordeaux,Python
2021,Imojean,Ophelia,Imojean.Ophelia@essca.eu,Shanghai,JavaScript
2017,Sybille,Baylor,Sybille.Baylor@essca.eu,Bordeaux,C
2020,Althea,Aurelio,Althea.Aurelio@essca.eu,Shanghai,JavaScript
2016,Sharlene,Chandler,Sharlene.Chandler@essca.eu,Bordeaux,Python
2019,Elvira,Cavan,Elvira.Cavan@essca.eu,Shanghai,JavaScript
2022,Halette,Corilla,Halette.Corilla@essca.eu,Bordeaux,Shell
2017,Morganica,Desai,Morganica.Desai@essca.eu,Shanghai,Python
2018,Tabbatha,Ledah,Tabbatha.Ledah@essca.eu,Shanghai,C
2022,Keelia,Saint,Keelia.Saint@essca.eu,Shanghai,Python
2016,Juliane,Emanuel,Juliane.Emanuel@essca.eu,Bordeaux,JavaScript
2020,Tatiania,Zeeba,Tatiania.Zeeba@essca.eu,Shanghai,Java
2018,Cyb,Kylander,Cyb.Kylander@essca.eu,Shanghai,Python
2017,Ilse,Federica,Ilse.Federica@essca.eu,Bordeaux,Java
2021,Lynnea,Noman,Lynnea.Noman@essca.eu,Shanghai,Shell
2020,Janis,Maryanne,Janis.Maryanne@essca.eu,Bordeaux,Java
2016,Theodora,Klotz,Theodora.Klotz@essca.eu,Bordeaux,Java
2017,Melina,Hertzfeld,Melina.Hertzfeld@essca.eu,Bordeaux,C++
2017,Binny,Guthrie,Binny.Guthrie@essca.eu,Shanghai,Python
2020,Luci,Lail,Luci.Lail@essca.eu,Shanghai,Python
2022,Darci,Kaja,Darci.Kaja@essca.eu,Shanghai,Python
2018,Robinia,O'Carroll,Robinia.O'Carroll@essca.eu,Shanghai,C++
2021,Nerta,Emmaline,Nerta.Emmaline@essca.eu,Shanghai,Shell
2020,Linzy,Gower,Linzy.Gower@essca.eu,Shanghai,PHP
2017,Kristina,Flita,Kristina.Flita@essca.eu,Shanghai,Shell
2020,Jordan,Plato,Jordan.Plato@essca.eu,Shanghai,C++
2020,Bill,Cleavland,Bill.Cleavland@essca.eu,Bordeaux,C
2017,Zondra,Raseda,Zondra.Raseda@essca.eu,Bordeaux,PHP
2020,Frances,Monk,Frances.Monk@essca.eu,Bordeaux,Shell
2016,Viki,Ailyn,Viki.Ailyn@essca.eu,Bordeaux,Java
2019,Xylina,Edison,Xylina.Edison@essca.eu,Shanghai,Python
2017,Rosabelle,Allys,Rosabelle.Allys@essca.eu,Shanghai,Shell
2016,Coral,Khorma,Coral.Khorma@essca.eu,Bordeaux,Python
2018,Jeanna,Radu,Jeanna.Radu@essca.eu,Bordeaux,PHP
2021,Joane,Vins,Joane.Vins@essca.eu,Shanghai,C++
2022,Kate,Korey,Kate.Korey@essca.eu,Bordeaux,Shell
2022,Marguerite,Ader,Marguerite.Ader@essca.eu,Bordeaux,Java
2017,Sissy,Ashok,Sissy.Ashok@essca.eu,Shanghai,Python
2016,Trixi,Chem,Trixi.Chem@essca.eu,Shanghai,Java
2019,Rosanne,Astra,Rosanne.Astra@essca.eu,Shanghai,Python
2022,Frieda,Corrine,Frieda.Corrine@essca.eu,Bordeaux,C
2019,Gusty,Schroth,Gusty.Schroth@essca.eu,Shanghai,PHP
2018,Katleen,Bow,Katleen.Bow@essca.eu,Bordeaux,Java
2022,Shaylyn,Loeb,Shaylyn.Loeb@essca.eu,Shanghai,C
2018,Vonny,Whiffen,Vonny.Whiffen@essca.eu,Shanghai,Python
2020,Vonny,Mintz,Vonny.Mintz@essca.eu,Shanghai,C++
2022,Dominga,Jenness,Dominga.Jenness@essca.eu,Shanghai,C++
2020,Lolita,Phaidra,Lolita.Phaidra@essca.eu,Bordeaux,PHP
2021,Nonnah,Sigfrid,Nonnah.Sigfrid@essca.eu,Shanghai,C
2021,Tiffie,Dowski,Tiffie.Dowski@essca.eu,Bordeaux,C
2020,Ayn,Yusuk,Ayn.Yusuk@essca.eu,Shanghai,JavaScript
2016,Shaylyn,Eiser,Shaylyn.Eiser@essca.eu,Shanghai,Python
2019,David,Wu,Anallese.Wu@essca.eu,Bordeaux,Python
2022,Berget,Taam,Berget.Taam@essca.eu,Shanghai,C
2021,Julieta,Stelle,Julieta.Stelle@essca.eu,Bordeaux,C++
2021,Barbara,Suk,Barbara.Suk@essca.eu,Bordeaux,PHP
2018,Brooks,Hubert,Brooks.Hubert@essca.eu,Shanghai,C++
2022,Louella,Marisa,Louella.Marisa@essca.eu,Bordeaux,Python
2020,Sheree,McNully,Sheree.McNully@essca.eu,Shanghai,C++
2022,Rubie,Gwenore,Rubie.Gwenore@essca.eu,Shanghai,C
2017,Arlina,Bigner,Arlina.Bigner@essca.eu,Bordeaux,Shell
2018,Lyssa,Ackerley,Lyssa.Ackerley@essca.eu,Bordeaux,C
2019,Annabela,Odell,Annabela.Odell@essca.eu,Bordeaux,Python
2017,Bettine,Seagraves,Bettine.Seagraves@essca.eu,Bordeaux,Python
2020,Jolyn,Gombach,Jolyn.Gombach@essca.eu,Bordeaux,C++
2021,Kayla,Trey,Kayla.Trey@essca.eu,Shanghai,Java
2016,Genovera,Lacombe,Genovera.Lacombe@essca.eu,Shanghai,Shell
2017,Nonnah,Cressida,Nonnah.Cressida@essca.eu,Shanghai,C
2021,Zsa Zsa,Raul,Zsa Zsa.Raul@essca.eu,Bordeaux,PHP
2016,Vere,Georgy,Vere.Georgy@essca.eu,Shanghai,C++
2019,David,Gilbertson,Gianina.Gilbertson@essca.eu,Bordeaux,PHP
2016,Sheree,Bibi,Sheree.Bibi@essca.eu,Shanghai,Shell
2017,Anthia,Faso,Anthia.Faso@essca.eu,Bordeaux,PHP
2019,Carol-Jean,Solitta,Carol-Jean.Solitta@essca.eu,Bordeaux,Python
2022,Maridel,Marcellus,Maridel.Marcellus@essca.eu,Shanghai,C
2020,Celisse,Lalitta,Celisse.Lalitta@essca.eu,Shanghai,JavaScript
2019,Leanna,Justinn,Leanna.Justinn@essca.eu,Shanghai,JavaScript
2019,Chrystel,Paine,Chrystel.Paine@essca.eu,Shanghai,Shell
2017,Dione,Maryanne,Dione.Maryanne@essca.eu,Shanghai,Python
2016,Justinn,Pattin,Justinn.Pattin@essca.eu,Shanghai,C
2017,Dode,Jerold,Dode.Jerold@essca.eu,Shanghai,Python
2016,Elise,Riordan,Elise.Riordan@essca.eu,Shanghai,Shell
2019,Odessa,Roscoe,Odessa.Roscoe@essca.eu,Bordeaux,C
2021,Maridel,Evangelia,Maridel.Evangelia@essca.eu,Shanghai,Python
2020,Jenda,Ciro,Jenda.Ciro@essca.eu,Shanghai,Java
2019,Lanna,Dyche,Lanna.Dyche@essca.eu,Bordeaux,C
2017,Joleen,Bronk,Joleen.Bronk@essca.eu,Shanghai,PHP
2017,Imojean,Amasa,Imojean.Amasa@essca.eu,Shanghai,Python
2020,Juliane,Minetta,Juliane.Minetta@essca.eu,Shanghai,C
2019,Stacey,Uird,Stacey.Uird@essca.eu,Bordeaux,C++
2022,Melisent,Dominy,Melisent.Dominy@essca.eu,Bordeaux,JavaScript
2021,Mariann,Maisey,Mariann.Maisey@essca.eu,Bordeaux,PHP
2017,Maud,Shuler,Maud.Shuler@essca.eu,Bordeaux,C
2017,Wendi,Rhu,Wendi.Rhu@essca.eu,Bordeaux,Python
2018,Tomasina,Pozzy,Tomasina.Pozzy@essca.eu,Shanghai,JavaScript
2018,Debee,Fadiman,Debee.Fadiman@essca.eu,Bordeaux,JavaScript
2020,Jaclyn,Dex,Jaclyn.Dex@essca.eu,Bordeaux,Shell
2016,Vonny,Dahlia,Vonny.Dahlia@essca.eu,Shanghai,Shell
2017,Odessa,Kinnard,Odessa.Kinnard@essca.eu,Bordeaux,C
2020,Roz,Glovsky,Roz.Glovsky@essca.eu,Bordeaux,C
2016,Isa,Stover,Isa.Stover@essca.eu,Shanghai,JavaScript
2017,Gratia,Fennessy,Gratia.Fennessy@essca.eu,Shanghai,Python
